{
	"history": {
		"procstep": {
			"descrip": "dicom to nifti import",
			"version": [
				"matlab 9.5.0.944444 (R2018b)",
				"spm_dicom_convert.m - SPM12 (7771)"
			],
			"procpar": []
		},
		"input": {
			"filename": "AnonymousFileName",
			"history": []
		},
		"output": {
			"imtype": "ORIGINAL\\PRIMARY\\M\\ND ",
			"units": "a.u."
		}
	},
	"acqpar": [
		{
			"FileMetaInformationGroupLength": 196,
			"FileMetaInformationVersion": [0,1],
			"MediaStorageSOPClassUID": "1.2.840.10008.5.1.4.1.1.4",
			"MediaStorageSOPInstanceUID": "1.3.12.2.1107.5.2.19.45385.2021090809311187584534363",
			"TransferSyntaxUID": "1.2.840.10008.1.2.1",
			"ImplementationClassUID": "1.2.40.0.13.1.1",
			"ImplementationVersionName": "dcm4che-2.0 ",
			"SourceApplicationEntityTitle": "MSTZ400D",
			"SpecificCharacterSet": "ISO_IR 100",
			"ImageType": "ORIGINAL\\PRIMARY\\M\\ND ",
			"InstanceCreationDate": 738407,
			"InstanceCreationTime": 34276.748,
			"SOPClassUID": "1.2.840.10008.5.1.4.1.1.4",
			"SOPInstanceUID": "1.3.12.2.1107.5.2.19.45385.2021090809311187584534363",
			"StudyDate": 738407,
			"SeriesDate": 738407,
			"AcquisitionDate": 738407,
			"ContentDate": 738407,
			"StudyTime": 32614.651,
			"SeriesTime": 34265.917,
			"AcquisitionTime": 33998.1075,
			"ContentTime": 34276.748,
			"Modality": "MR",
			"Manufacturer": "SIEMENS ",
			"InstitutionName": "DZNE_Bonn-Venusberg ",
			"InstitutionAddress": "Sigmund - Freud - Strasse 27,Bonn,District,DE,53127",
			"StationName": "AWP45385",
			"StudyDescription": "MPM ",
			"SeriesDescription": "ve11_gre_t1w",
			"InstitutionalDepartmentName": "Department",
			"OperatorsName": "Wangd ",
			"ManufacturerModelName": "Skyra ",
			"ReferencedImageSequence": [
				{
					"ReferencedSOPClassUID": "1.2.840.10008.5.1.4.1.1.4",
					"ReferencedSOPInstanceUID": "1.3.12.2.1107.5.2.19.45385.2021090809080394226921431"
				},
				{
					"ReferencedSOPClassUID": "1.2.840.10008.5.1.4.1.1.4",
					"ReferencedSOPInstanceUID": "1.3.12.2.1107.5.2.19.45385.202109080908002492721427"
				},
				{
					"ReferencedSOPClassUID": "1.2.840.10008.5.1.4.1.1.4",
					"ReferencedSOPInstanceUID": "1.3.12.2.1107.5.2.19.45385.202109080907591037521425"
				}
			],
			"PatientName": "Anonymous",
			"PatientID": "21_09_08_Grobi_3T ",
			"PatientSex": "M ",
			"PatientAge": 40.7,
			"PatientSize": 1.72,
			"PatientWeight": 75,
			"DeidentificationMethodCodeSequence": [
				{
					"CodeValue": "26",
					"CodingSchemeDesignator": "XNAT",
					"CodingSchemeVersion": "0.1 ",
					"CodeMeaning": "XNAT Edit Script"
				}
			],
			"BodyPartExamined": "BRAIN ",
			"ScanningSequence": "GR",
			"SequenceVariant": "SP\\OSP",
			"MRAcquisitionType": "3D",
			"SequenceName": "8e50f71 ",
			"AngioFlag": "N ",
			"SliceThickness": 1,
			"RepetitionTime": 18,
			"EchoTime": 13.53,
			"NumberOfAverages": 1,
			"ImagingFrequency": 123.262391,
			"ImagedNucleus": "1H",
			"EchoNumbers": 5,
			"MagneticFieldStrength": 3,
			"NumberOfPhaseEncodingSteps": 203,
			"EchoTrainLength": 5,
			"PercentSampling": 91,
			"PercentPhaseFieldOfView": 87.5,
			"PixelBandwidth": 475,
			"DeviceSerialNumber": "45385 ",
			"SoftwareVersions": "syngo MR E11",
			"ProtocolName": "ve11_gre_t1w",
			"TransmitCoilName": "Body",
			"AcquisitionMatrix": [0,256,204,0],
			"InPlanePhaseEncodingDirection": "ROW ",
			"FlipAngle": 25,
			"VariableFlipAngleFlag": "N ",
			"SAR": 0.00605163690681,
			"dBdt": 0,
			"PatientPosition": "HFS ",
			"Private_0019_0010": "SIEMENS MR HEADER ",
			"Private_0019_1008": "IMAGE NUM 4 ",
			"Private_0019_1009": "1.0 ",
			"Private_0019_100b": 228870,
			"Private_0019_100f": "Normal",
			"Private_0019_1011": "No",
			"Private_0019_1012": [0,0,-1090],
			"Private_0019_1013": [0,0,-1090],
			"Private_0019_1014": [0,0,0],
			"Private_0019_1015": [87.5,-91.49473381,126.85060823],
			"Private_0019_1017": 0.909091,
			"Private_0019_1018": 4100,
			"StudyInstanceUID": "1.3.12.2.1107.5.2.19.45385.30000021090607055184500000031",
			"SeriesInstanceUID": "1.3.12.2.1107.5.2.19.45385.2021090809310316173230926.0.0.0",
			"StudyID": "1 ",
			"SeriesNumber": 15,
			"AcquisitionNumber": 1,
			"InstanceNumber": 880,
			"ImagePositionPatient": [87.5,-91.494733810425,126.85060822964],
			"ImageOrientationPatient": [0,1,0,0,0,-1],
			"FrameOfReferenceUID": "1.3.12.2.1107.5.2.19.45385.1.20210908090626262.0.0.0",
			"SliceLocation": 87.5,
			"SamplesPerPixel": 1,
			"PhotometricInterpretation": "MONOCHROME2 ",
			"Rows": 256,
			"Columns": 224,
			"PixelSpacing": [1,1],
			"BitsAllocated": 16,
			"BitsStored": 12,
			"HighBit": 11,
			"PixelRepresentation": 0,
			"SmallestImagePixelValue": 0,
			"LargestImagePixelValue": 5,
			"WindowCenter": 2,
			"WindowWidth": 5,
			"WindowCenterWidthExplanation": "Algo1 ",
			"PrivateCreatorCode": "SIEMENS CSA HEADER",
			"AnotherPrivateCreatorCode": "SIEMENS MEDCOM HEADER2",
			"CSAImageHeaderType": "IMAGE NUM 4 ",
			"CSAImageHeaderVersion": "20210908",
			"CSAImageHeaderInfo": {
				"EchoLinePosition": 102,
				"EchoColumnPosition": 128,
				"EchoPartitionPosition": 88,
				"UsedChannelString": "X",
				"Actual3DImaPartNumber": 175,
				"ICE_Dims": "1_5_1_1_1_1_176_1_1_1_1_1_373",
				"ProtocolSliceNumber": 0,
				"RealDwellTime": 4100,
				"SliceMeasurementDuration": 228870,
				"SequenceMask": 0,
				"AcquisitionMatrixText": "204*256",
				"MeasuredFourierLines": 0,
				"PhaseEncodingDirectionPositive": 1,
				"ImaAbsTablePosition": [0,0,-1090],
				"NonPlanarImage": 0,
				"SlicePosition_PCS": [87.5,-91.49473381,126.85060823],
				"MultistepIndex": 0,
				"ImaRelTablePosition": [0,0,0],
				"ImaCoilString": "HEA;HEP",
				"RFSWDDataType": "measured",
				"GSWDDataType": "measured",
				"ImaPATModeText": "p2",
				"ImageHistory": [
					"CoilMapAlgo:1_PC:4",
					"ChannelMixing:ND=true_CMM=1_CDM=1"
				]
			},
			"CSASeriesHeaderType": "MR",
			"CSASeriesHeaderVersion": "20210908",
			"CSASeriesHeaderInfo": {
				"UsedPatientWeight": 75,
				"NumberOfPrescans": 0,
				"TransmitterCalibration": 331.170559,
				"PhaseGradientAmplitude": 0,
				"ReadoutGradientAmplitude": 0,
				"SelectionGradientAmplitude": 0,
				"GradientDelayTime": [36,37,36],
				"RfWatchdogMask": 0,
				"Sed": [1000000,217.26024497,217.26024493],
				"SequenceFileOwner": "USER",
				"Stim_mon_mode": 2,
				"Operation_mode_flag": 0,
				"dBdt_max": 0,
				"t_puls_max": 0,
				"dBdt_thresh": 0,
				"dBdt_limit": 0,
				"SW_korr_faktor": 1,
				"Stim_max_online": [1.20761335,5.15251589,8.97392082],
				"Stim_max_ges_norm_online": 0.32637197,
				"Stim_lim": [27.8939991,23.26799965,38.05500031],
				"Stim_faktor": 1,
				"CoilForGradient": "void",
				"CoilForGradient2": "GC99",
				"CoilId": [255,0,0,0,0,0,0,0,0,0,0],
				"MiscSequenceParam": [0,0,0,0,0,0,0,0,0,0,0,0,0,0,0,0,0,0,0,0,0,0,0,0,0,8,0,0,0,0,0,34722,0,0,0,0,0,0],
				"MrProtocolVersion": 51130001,
				"PositivePCSDirections": "+LPH",
				"RelTablePosition": [0,0,0],
				"ReadoutOS": 2,
				"LongModelName": "NUMARIS/4",
				"SliceArrayConcatenations": 1,
				"SliceResolution": 0.909091,
				"AbsTablePosition": -1090,
				"CoilString": "HEA;HEP",
				"PATModeText": "p2",
				"PatReinPattern": "1;HFS;75.00;40.00;2;0;0;737433403",
				"ProtocolChangeHistory": 0,
				"Isocentered": 0,
				"MrPhoenixProtocol": {
					"ulVersion": 51130001,
					"tSequenceFileName": "%CustomerSeq%\\ve11_gre",
					"tProtocolName": "ve11_gre_t1w",
					"tdefaultEVAProt": "%SiemensEvaDefProt%\\Breast\\Breast.evp",
					"tReferenceImage0": "1.3.12.2.1107.5.2.19.45385.2021090809080394226921431",
					"tReferenceImage1": "1.3.12.2.1107.5.2.19.45385.202109080908002492721427",
					"tReferenceImage2": "1.3.12.2.1107.5.2.19.45385.202109080907591037521425",
					"lScanRegionPosTra": 0,
					"ucScanRegionPosValid": 1,
					"lPtabAbsStartPosZ": -1090,
					"bPtabAbsStartPosZValid": 1,
					"ucTablePositioningMode": 1,
					"ucEnableNoiseAdjust": 1,
					"lContrasts": 5,
					"lCombinedEchoes": 1,
					"ucEnableIntro": 1,
					"ucDisableChangeStoreImages": 1,
					"ucAAMode": 1,
					"ucAARegionMode": 1,
					"ucAARefMode": 1,
					"ucReconstructionMode": 8,
					"ucOneSeriesForAllMeas": 4,
					"ucPHAPSMode": 1,
					"ulWrapUpMagn": 1,
					"lAverages": 1,
					"dAveragesDouble": 1,
					"lScanTimeSec": 229,
					"lTotalScanTimeSec": 230,
					"dRefSNR": 137010.519412,
					"dRefSNR_VOI": 136903.060181,
					"ulApplicationDetails": 1,
					"ucMotionCorr": 1,
					"ucCineMode": 1,
					"ucSequenceType": 1,
					"ucCoilCombineMode": 1,
					"ucFlipAngleMode": 1,
					"lTOM": 1,
					"lProtID": -676,
					"lSequenceID": 373,
					"ucReadOutMode": 2,
					"ucBold3dPace": 1,
					"ucForcePositioningOnNDIS": 1,
					"ucInternalTablePosValid": 1,
					"ucTmapB0Correction": 1,
					"ucTmapEval": 1,
					"ucTmapImageType": 1,
					"ulOrganUnderExamination": 1,
					"dTissueT1": 10,
					"dTissueT2": 5,
					"lInvContrasts": 1,
					"ulReaquisitionMode": 1,
					"sProtConsistencyInfo": {
						"tMeasuredBaselineString": "N4_VE11C_LATEST_20160120",
						"tBaselineString": "N4_VE11C_LATEST_20160120",
						"tSystemType": "099",
						"flNominalB0": 2.89362001419,
						"flGMax": 20,
						"flRiseTime": 5.55000019073,
						"lMaximumNofRxReceiverChannels": 48,
						"ulConvFromVersion": 51130001
					},
					"sGRADSPEC": {
						"ucMode": 2,
						"bShimCurrentValid": 1,
						"ucNoiseReduction": 1,
						"asGPAData": {
							"bEddyCompensationValid": 1,
							"bB0CompensationValid": 1,
							"bCrossTermCompensationValid": 1,
							"lOffsetX": -1613,
							"lOffsetY": -15378,
							"lOffsetZ": 4275,
							"bOffsetValid": 1,
							"lDelayX": 36,
							"lDelayY": 37,
							"lDelayZ": 36,
							"bDelayValid": 1,
							"flSensitivityX": 8.93940159585e-05,
							"flSensitivityY": 9.00958111743e-05,
							"flSensitivityZ": 8.84108158061e-05,
							"bSensitivityValid": 1,
							"sEddyCompensationX": {
								"aflAmplitude": [0.007897683419289999,-0.0158482883126,0.0117077929899,0.000238930704654,0.00151811167598],
								"aflTimeConstant": [0.495878010988,0.396230220795,0.281385868788,0.00500691263005,0.000525870767888]
							},
							"sEddyCompensationY": {
								"aflAmplitude": [0.00042181648314,0.00138520332985,-0.00262913876213,-0.000510735146236,0.00146605505142],
								"aflTimeConstant": [0.519573092461,0.108520515263,0.0797574445605,0.00671055307612,0.0005000666715200001]
							},
							"sEddyCompensationZ": {
								"aflAmplitude": [-0.000672523397952,-0.00215935660526,0.00638352800161,-0.00152773584705,0.00102546974085],
								"aflTimeConstant": [1.19130074978,0.411113768816,0.0849921703339,0.0500000007451,0.00199786014855]
							},
							"sB0CompensationX": {
								"aflAmplitude": [0.0707796812057,0.202057927847,0.04622028023],
								"aflTimeConstant": [0.306429594755,0.09967500716450001,0.00574583653361]
							},
							"sB0CompensationY": {
								"aflAmplitude": [-0.0398365780711,0.0244721211493,0.00727671151981],
								"aflTimeConstant": [0.252713054419,0.0103897489607,0.00146880641114]
							},
							"sB0CompensationZ": {
								"aflAmplitude": [0.670609414577,0.5251901745799999,0.151269599795],
								"aflTimeConstant": [0.197066932917,0.0919711440802,0.00528916018084]
							},
							"sCrossTermCompensationXY": {
								"aflAmplitude": -0.00142940192018,
								"aflTimeConstant": 0.123284719884
							},
							"sCrossTermCompensationXZ": {
								"aflAmplitude": 0.00231731589884,
								"aflTimeConstant": 0.150204002857
							},
							"sCrossTermCompensationYX": {
								"aflAmplitude": 9.98445757432e-05,
								"aflTimeConstant": 0.142499342561
							},
							"sCrossTermCompensationYZ": {
								"aflAmplitude": 0.000338259676937,
								"aflTimeConstant": 0.154165834188
							},
							"sCrossTermCompensationZX": {
								"aflAmplitude": 0.000146628401126,
								"aflTimeConstant": 0.176359862089
							},
							"sCrossTermCompensationZY": {
								"aflAmplitude": 0.000597273290623,
								"aflTimeConstant": 0.107387259603
							}
						},
						"alShimCurrent": [910,-214,-109,-4,-178]
					},
					"sTXSPEC": {
						"bTxScaleFactorsValid": 1,
						"lNoOfTraPulses": 2,
						"lBCExcitationMode": 1,
						"lBCSeqExcitationMode": 4,
						"flKDynMagnitudeMin": 0.5,
						"flKDynMagnitudeMax": 1.5,
						"flKDynMagnitudeClipLow": 1,
						"flKDynMagnitudeClipHigh": 1,
						"flKDynPhaseMax": 0.698131978512,
						"flKDynPhaseClip": 0.174532994628,
						"bKDynValid": 1,
						"ucRFPulseType": 8,
						"ucExcitMode": 2,
						"ucSimultaneousExcitation": 1,
						"ucBCExcitationModeValid": 1,
						"lB1ShimMode": 1,
						"asNucleusInfo": [
							{
								"tNucleus": "1H",
								"lCoilSelectIndex": 0,
								"lFrequency": 123262391,
								"bFrequencyValid": 1,
								"flReferenceAmplitude": 331.170562744,
								"bReferenceAmplitudeValid": 1,
								"flCompProtectionRefAmpl": 331.170562744,
								"bCompProtectionRefAmplValid": 1,
								"flCompProtectionB1PlusRefAmpl": 266.842071533,
								"bCompProtectionB1PlusRefAmplValid": 1,
								"flAmplitudeCorrection": 1,
								"bAmplitudeCorrectionValid": 1,
								"bCompProtectionValuesValid": 1,
								"CompProtectionValues": {
									"MaxOfflineTxAmpl": 596.265441895,
									"WorstCasePulseScaleRefAmpl": 331.170562744,
									"WorstCaseMaxOfflineTxAmpl": 596.265441895,
									"DecouplingMatrixValid": 1,
									"ZZMatrixVectorUUID": "95fada65880a012d794baf970e721f10bb1ea311",
									"ScatterMatrixValid": 1,
									"MaxOnlineTxAmpl": 585.882324219,
									"WorstCaseMaxOnlineTxAmpl": 585.882324219,
									"adGainVariation": 0.9835060834879999,
									"DecouplingMatrix": {
										"Size1": 1,
										"Size2": 1,
										"ComplexData": {
											"dRe": 1
										}
									},
									"ScatterMatrix": {
										"Size1": 2,
										"Size2": 2,
										"ComplexData": [
											{
												"dRe": 0.206805424199,
												"dIm": -0.204973826278
											},
											{
												"dRe": -0.13870298209,
												"dIm": -0.0133600253448
											},
											{
												"dRe": -0.141757677432,
												"dIm": -0.0142209871938
											},
											{
												"dRe": 0.155736421493,
												"dIm": -0.141031009259
											}
										]
									}
								}
							},
							{
								"tNucleus": [],
								"lCoilSelectIndex": -1,
								"lFrequency": [],
								"bFrequencyValid": [],
								"flReferenceAmplitude": [],
								"bReferenceAmplitudeValid": [],
								"flCompProtectionRefAmpl": [],
								"bCompProtectionRefAmplValid": [],
								"flCompProtectionB1PlusRefAmpl": [],
								"bCompProtectionB1PlusRefAmplValid": [],
								"flAmplitudeCorrection": [],
								"bAmplitudeCorrectionValid": [],
								"bCompProtectionValuesValid": [],
								"CompProtectionValues": []
							}
						],
						"aRFPULSE": [
							{
								"tName": "SRFExcit",
								"flAmplitude": 18.7738418579,
								"flAmplitudeNL": 18.7738418579,
								"bAmplitudeValid": 1
							},
							{
								"tName": "sRFExGss",
								"flAmplitude": 190.296188354,
								"flAmplitudeNL": 190.296188354,
								"bAmplitudeValid": 1
							},
							{
								"tName": [],
								"flAmplitude": [],
								"flAmplitudeNL": 230.421356201,
								"bAmplitudeValid": []
							}
						],
						"aTxScaleFactor": [
							{
								"dRe": 1
							},
							{
								"dRe": 1
							},
							{
								"dRe": 1
							},
							{
								"dRe": 1
							},
							{
								"dRe": 1
							},
							{
								"dRe": 1
							},
							{
								"dRe": 1
							},
							{
								"dRe": 1
							},
							{
								"dRe": 1
							},
							{
								"dRe": 1
							}
						],
						"B1CorrectionParameters": {
							"bValid": 1,
							"bActive": 0,
							"flCorrectionFactorMax": 1,
							"flPeakReserveFactor": 0
						}
					},
					"sRXSPEC": {
						"bGainValid": 1,
						"UseDoubleDataRate": 0,
						"asNucleusInfo": [
							{
								"tNucleus": "1H",
								"lCoilSelectIndex": 0
							},
							{
								"tNucleus": [],
								"lCoilSelectIndex": -1
							}
						],
						"alDwellTime": [4100,4100,4100,4100,4100,4100,7500,7500,7500,7500,7500,7500]
					},
					"sAdjData": {
						"uiAdjFreMode": 1,
						"uiAdjShimMode": 512,
						"uiAdjWatSupMode": 1,
						"uiAdjRFMapMode": 1,
						"uiAdjMDSMode": 1,
						"uiAdjTableTolerance": 1,
						"uiAdjProtID": 165,
						"uiAdjVolumeValid": 1,
						"lCoupleAdjVolTo": 1,
						"uiAdjB0AcqMode": 1,
						"uiAdjB1AcqMode": 1,
						"sAdjVolume": {
							"dThickness": 160,
							"dPhaseFOV": 199,
							"dReadoutFOV": 131,
							"dInPlaneRot": 0.259530711619,
							"sPosition": {
								"dCor": 25.9269523615,
								"dTra": 14.5307622743
							},
							"sNormal": {
								"dSag": 1
							}
						}
					},
					"alTR": 18000,
					"alTI": 300000,
					"alTE": [3680,6150,8610,11070,13530,35000,40000,45000,50000,55000,60000,65000,70000],
					"acFlowComp": [1,1,1,1,1,1,1,1,1,1,1,1],
					"sSliceArray": {
						"lSize": 1,
						"lSag": 1,
						"lConc": 1,
						"ucMode": 4,
						"ucAnatomicalSliceMode": 4,
						"asSlice": {
							"dThickness": 176,
							"dPhaseFOV": 224,
							"dReadoutFOV": 256,
							"sPosition": {
								"dCor": 20.5052656145,
								"dTra": -1.14939175585
							},
							"sNormal": {
								"dSag": 1
							}
						},
						"sTSat": {
							"dThickness": 40,
							"dGap": 10,
							"ulShape": 1
						}
					},
					"sGroupArray": {
						"lSize": 1,
						"asGroup": {
							"nSize": 1,
							"dDistFact": 0.2
						},
						"anMember": [0,-1],
						"sPSat": {
							"dThickness": 50,
							"dGap": 10,
							"ulShape": 1
						}
					},
					"sRSatArray": {
						"asElm": [
							{
								"ulShape": 1
							},
							{
								"ulShape": 1
							},
							{
								"ulShape": 1
							},
							{
								"ulShape": 1
							},
							{
								"ulShape": 1
							},
							{
								"ulShape": 1
							},
							{
								"ulShape": 1
							},
							{
								"ulShape": 1
							}
						]
					},
					"sAutoAlign": {
						"dAAMatrix": [1,0,0,0,0,1,0,0,0,0,1,0,0,0,0,1]
					},
					"sNavigatorPara": {
						"lBreathHoldDuration_us": 15000000,
						"lBreathHoldMeas": 1,
						"lRespComp": 4
					},
					"sBladePara": {
						"dBladeCoverage": 100,
						"ucMotionCorr": 2
					},
					"sPrepPulses": {
						"ucFatSat": 4,
						"ucWaterSat": 4,
						"ucInversion": 4,
						"ucSatRecovery": 1,
						"ucT2Prep": 1,
						"ucTIScout": 1,
						"ucFatSatMode": 2,
						"dDarkBloodThickness": 200,
						"dDarkBloodFlipAngle": 200,
						"dIRPulseThicknessFactor": 0.77,
						"ucBloodSuppression": 1,
						"lPhaseCorrectionMode": 1,
						"ucIRScheme": 1,
						"lFatSupOpt": 1,
						"adT2PrepDuration": 40
					},
					"sLineTag": {
						"dDistance": 20
					},
					"sGridTag": {
						"dDistance": 8
					},
					"sKSpace": {
						"dPhaseResolution": 0.91,
						"dSliceResolution": 0.909090909091,
						"dAngioDynCentralRegionA": 20,
						"dAngioDynSamplingDensityB": 25,
						"dSeqPhasePartialFourierForSNR": 1,
						"lBaseResolution": 256,
						"lPhaseEncodingLines": 204,
						"lPartitions": 160,
						"lImagesPerSlab": 176,
						"lRadialViews": 64,
						"lRadialInterleavesPerImage": 2,
						"lLinesPerShot": 1,
						"unReordering": 1,
						"ucPhasePartialFourier": 16,
						"ucSlicePartialFourier": 4,
						"ucAveragingMode": 1,
						"ucMultiSliceMode": 2,
						"ucDimension": 4,
						"ucTrajectory": 1,
						"ucViewSharing": 1,
						"ucAsymmetricEchoMode": 1,
						"ucPOCS": 1,
						"ucEnableEllipticalScanning": 1,
						"ucReadoutPartialFourier": 16
					},
					"sFastImaging": {
						"lEPIFactor": 1,
						"lTurboFactor": 1,
						"lSliceTurboFactor": 1,
						"lSegments": 1,
						"ulEnableRFSpoiling": 1,
						"ucPhaseEncRE": 0,
						"ucSegmentationMode": 1,
						"lShots": 1,
						"lEchoTrainDuration": 700,
						"ucIncrGradientSpoiling": 1
					},
					"sPhysioImaging": {
						"lSignal1": 1,
						"lMethod1": 1,
						"lSignal2": 1,
						"lMethod2": 1,
						"lPhases": 1,
						"lRetroGatedImages": 16,
						"lDummyHeartbeats": 0,
						"sPhysioECG": {
							"lTriggerPulses": 1,
							"lTriggerWindow": 5,
							"lArrhythmiaDetection": 1,
							"lCardiacGateOnThreshold": 100000,
							"lCardiacGateOffThreshold": 700000,
							"lTriggerIntervals": 1
						},
						"sPhysioPulse": {
							"lTriggerPulses": 1,
							"lTriggerWindow": 5,
							"lArrhythmiaDetection": 1,
							"lCardiacGateOnThreshold": 100000,
							"lCardiacGateOffThreshold": 700000,
							"lTriggerIntervals": 1
						},
						"sPhysioExt": {
							"lTriggerPulses": 1,
							"lTriggerWindow": 5,
							"lArrhythmiaDetection": 1,
							"lCardiacGateOnThreshold": 100000,
							"lCardiacGateOffThreshold": 700000,
							"lTriggerIntervals": 1
						},
						"sPhysioExt2": {
							"lTriggerIntervals": 1
						},
						"sPhysioResp": {
							"lRespGateThreshold": 20,
							"lRespGatePhase": 2,
							"dGatingRatio": 0.3
						},
						"sPhysioNative": {
							"ucMode": 1,
							"ucFlowSenMode": 1
						}
					},
					"sSpecPara": {
						"lPhaseCyclingType": 1,
						"lPhaseEncodingType": 1,
						"lRFExcitationBandwidth": 1,
						"ucRemoveOversampling": 1,
						"lAutoRefScanMode": 1,
						"lAutoRefScanNo": 1,
						"lDecouplingType": 1,
						"lNOEType": 1,
						"lExcitationType": 1,
						"lSpecAppl": 1,
						"lSpectralSuppression": 1
					},
					"sDiffusion": {
						"ulMode": 1,
						"dsScheme": 1,
						"ulQSpaceCoverage": 1,
						"ulQSpaceSampling": 1,
						"lQSpaceSteps": 1,
						"sFreeDiffusionData": {
							"ulCoordinateSystem": 1,
							"ulNormalization": 1
						}
					},
					"sAngio": {
						"ucPCFlowMode": 2,
						"ucTOFInflow": 4,
						"lDynamicReconMode": 1,
						"lTemporalInterpolation": 1
					},
					"sPreScanNormalizeFilter": {
						"ucOn": 1,
						"ucSaveUnfiltered": 1,
						"ucMode": 2
					},
					"sDistortionCorrFilter": {
						"ucMode": 1
					},
					"sNoiseDecorrData": {
						"lNoiseDecorrDefaultMode": 4
					},
					"sPat": {
						"lAccelFactPE": 2,
						"lAccelFact3D": 1,
						"lRefLinesPE": 24,
						"ucPATMode": 16,
						"ucRefScanMode": 2,
						"ucTPatAverageAllFrames": 1,
						"ulCaipirinhaMode": 1
					},
					"sMds": {
						"ulMdsModeMask": 1,
						"ulMdsVariableResolution": 1,
						"lTableSpeedNumerator": 1,
						"lmdsLinesPerSegment": 15,
						"lMdsPtabAbsStartPosZ": 0,
						"bMdsPtabAbsStartPosZValid": 0,
						"lMdsPtabAbsEndPosZ": 0,
						"bMdsPtabAbsEndPosZValid": 0,
						"ulMdsReconMode": 1,
						"dMdsRangeExtension": 600,
						"lSweeps": 1,
						"ucSweepMode": 1,
						"dDCSIlluminationScale": 2,
						"ucExcitDir": 1,
						"ucFreqShimPerSlice": 1,
						"ucSliceFollowing": 1,
						"ucDynamicCoilSwitching": 1,
						"ucPhaseNav": 0,
						"sMdsEndPosSBCS_mm": {
							"dTra": 600
						},
						"sMdsPreScanNormalize": {
							"ucMode": 2,
							"ucStackMode": 4,
							"lNPELin": 18
						}
					},
					"sAAInitialOffset": {
						"Laterality": 0,
						"SliceInformation": {
							"sPosition": {
								"dCor": 20.5052656145,
								"dTra": -1.14939175585
							},
							"sNormal": {
								"dSag": 1
							}
						}
					},
					"adFlipAngleDegree": 25,
					"sCoilSelectMeas": {
						"dOverallImageScaleFactor": 0.00648841354724,
						"dOverallImageScaleCorrectionFactor": 1,
						"sCoilStringForConversion": "HEA;HEP",
						"dAutoCoilSelectIlluRangeScale": 0.699999988079,
						"aRxCoilSelectData": [
							{
								"ucNoiseDecorrMode": 1,
								"tNucleus": "1H",
								"iUsedRFactor": 3,
								"IgnoreCoilGroups": 0,
								"BCCombineMode": 1,
								"bSuppressMandatoryProperties": 0,
								"asList": [
									{
										"lElementSelected": 1,
										"lMuxChannelConnected": 8,
										"lRxChannelConnected": 3,
										"lADCChannelConnected": 6,
										"uiInsertionTime": 13118,
										"sCoilElementID": {
											"tCoilID": "Head_32",
											"lCoilCopy": 1,
											"tElement": "H4",
											"tCoilClass": "Head_Rx",
											"ulUniqueKey": 2006308019
										},
										"sCoilProperties": {
											"eCoilType": 4
										}
									},
									{
										"lElementSelected": 1,
										"lMuxChannelConnected": 1,
										"lRxChannelConnected": 17,
										"lADCChannelConnected": 34,
										"uiInsertionTime": 13118,
										"sCoilElementID": {
											"tCoilID": "Head_32",
											"lCoilCopy": 1,
											"tElement": "H5",
											"ulUniqueKey": 1257635075
										},
										"sCoilProperties": {
											"eCoilType": 4
										}
									},
									{
										"lElementSelected": 1,
										"lMuxChannelConnected": 1,
										"lRxChannelConnected": 17,
										"lADCChannelConnected": 33,
										"uiInsertionTime": 13118,
										"sCoilElementID": {
											"tCoilID": "Head_32",
											"lCoilCopy": 1,
											"tElement": "H6",
											"ulUniqueKey": 223709139
										},
										"sCoilProperties": {
											"eCoilType": 4
										}
									},
									{
										"lElementSelected": 1,
										"lMuxChannelConnected": 2,
										"lRxChannelConnected": 21,
										"lADCChannelConnected": 42,
										"uiInsertionTime": 13118,
										"sCoilElementID": {
											"tCoilID": "Head_32",
											"lCoilCopy": 1,
											"tElement": "H24",
											"ulUniqueKey": -2026296351
										},
										"sCoilProperties": {
											"eCoilType": 4
										}
									},
									{
										"lElementSelected": 1,
										"lMuxChannelConnected": 2,
										"lRxChannelConnected": 21,
										"lADCChannelConnected": 41,
										"uiInsertionTime": 13118,
										"sCoilElementID": {
											"tCoilID": "Head_32",
											"lCoilCopy": 1,
											"tElement": "H23",
											"ulUniqueKey": 890894321
										},
										"sCoilProperties": {
											"eCoilType": 4
										}
									},
									{
										"lElementSelected": 1,
										"lMuxChannelConnected": 3,
										"lRxChannelConnected": 10,
										"lADCChannelConnected": 20,
										"uiInsertionTime": 13118,
										"sCoilElementID": {
											"tCoilID": "Head_32",
											"lCoilCopy": 1,
											"tElement": "H12",
											"ulUniqueKey": -1897026321
										},
										"sCoilProperties": {
											"eCoilType": 4
										}
									},
									{
										"lElementSelected": 1,
										"lMuxChannelConnected": 3,
										"lRxChannelConnected": 10,
										"lADCChannelConnected": 19,
										"uiInsertionTime": 13118,
										"sCoilElementID": {
											"tCoilID": "Head_32",
											"lCoilCopy": 1,
											"tElement": "H13",
											"ulUniqueKey": -1282570913
										},
										"sCoilProperties": {
											"eCoilType": 4
										}
									},
									{
										"lElementSelected": 1,
										"lMuxChannelConnected": 4,
										"lRxChannelConnected": 23,
										"lADCChannelConnected": 46,
										"uiInsertionTime": 13118,
										"sCoilElementID": {
											"tCoilID": "Head_32",
											"lCoilCopy": 1,
											"tElement": "H27",
											"ulUniqueKey": -1063694031
										},
										"sCoilProperties": {
											"eCoilType": 4
										}
									},
									{
										"lElementSelected": 1,
										"lMuxChannelConnected": 4,
										"lRxChannelConnected": 23,
										"lADCChannelConnected": 45,
										"uiInsertionTime": 13118,
										"sCoilElementID": {
											"tCoilID": "Head_32",
											"lCoilCopy": 1,
											"tElement": "H28",
											"ulUniqueKey": 1120519904
										},
										"sCoilProperties": {
											"eCoilType": 4
										}
									},
									{
										"lElementSelected": 1,
										"lMuxChannelConnected": 5,
										"lRxChannelConnected": 9,
										"lADCChannelConnected": 18,
										"uiInsertionTime": 13118,
										"sCoilElementID": {
											"tCoilID": "Head_32",
											"lCoilCopy": 1,
											"tElement": "H15",
											"ulUniqueKey": 1020096767
										},
										"sCoilProperties": {
											"eCoilType": 4
										}
									},
									{
										"lElementSelected": 1,
										"lMuxChannelConnected": 5,
										"lRxChannelConnected": 9,
										"lADCChannelConnected": 17,
										"uiInsertionTime": 13118,
										"sCoilElementID": {
											"tCoilID": "Head_32",
											"lCoilCopy": 1,
											"tElement": "H14",
											"ulUniqueKey": 28137807
										},
										"sCoilProperties": {
											"eCoilType": 4
										}
									},
									{
										"lElementSelected": 1,
										"lMuxChannelConnected": 6,
										"lRxChannelConnected": 7,
										"lADCChannelConnected": 14,
										"uiInsertionTime": 13118,
										"sCoilElementID": {
											"tCoilID": "Head_32",
											"lCoilCopy": 1,
											"tElement": "H31",
											"ulUniqueKey": -2071627980
										},
										"sCoilProperties": {
											"eCoilType": 4
										}
									},
									{
										"lElementSelected": 1,
										"lMuxChannelConnected": 6,
										"lRxChannelConnected": 7,
										"lADCChannelConnected": 13,
										"uiInsertionTime": 13118,
										"sCoilElementID": {
											"tCoilID": "Head_32",
											"lCoilCopy": 1,
											"tElement": "H32",
											"ulUniqueKey": -1020981788
										},
										"sCoilProperties": {
											"eCoilType": 4
										}
									},
									{
										"lElementSelected": 1,
										"lMuxChannelConnected": 7,
										"lRxChannelConnected": 27,
										"lADCChannelConnected": 54,
										"uiInsertionTime": 13118,
										"sCoilElementID": {
											"tCoilID": "Head_32",
											"lCoilCopy": 1,
											"tElement": "H21",
											"ulUniqueKey": 1339663505
										},
										"sCoilProperties": {
											"eCoilType": 4
										}
									},
									{
										"lElementSelected": 1,
										"lMuxChannelConnected": 7,
										"lRxChannelConnected": 27,
										"lADCChannelConnected": 53,
										"uiInsertionTime": 13118,
										"sCoilElementID": {
											"tCoilID": "Head_32",
											"lCoilCopy": 1,
											"tElement": "H29",
											"ulUniqueKey": 2141843280
										},
										"sCoilProperties": {
											"eCoilType": 4
										}
									},
									{
										"lElementSelected": 1,
										"lMuxChannelConnected": 8,
										"lRxChannelConnected": 3,
										"lADCChannelConnected": 5,
										"uiInsertionTime": 13118,
										"sCoilElementID": {
											"tCoilID": "Head_32",
											"lCoilCopy": 1,
											"tElement": "H11",
											"ulUniqueKey": -917645761
										},
										"sCoilProperties": {
											"eCoilType": 4
										}
									},
									{
										"lElementSelected": 1,
										"lMuxChannelConnected": 9,
										"lRxChannelConnected": 11,
										"lADCChannelConnected": 22,
										"uiInsertionTime": 13118,
										"sCoilElementID": {
											"tCoilID": "Head_32",
											"lCoilCopy": 1,
											"tElement": "H30",
											"ulUniqueKey": -1176150396
										},
										"sCoilProperties": {
											"eCoilType": 4
										}
									},
									{
										"lElementSelected": 1,
										"lMuxChannelConnected": 9,
										"lRxChannelConnected": 11,
										"lADCChannelConnected": 21,
										"uiInsertionTime": 13118,
										"sCoilElementID": {
											"tCoilID": "Head_32",
											"lCoilCopy": 1,
											"tElement": "H22",
											"ulUniqueKey": 142204481
										},
										"sCoilProperties": {
											"eCoilType": 4
										}
									},
									{
										"lElementSelected": 1,
										"lMuxChannelConnected": 10,
										"lRxChannelConnected": 1,
										"lADCChannelConnected": 2,
										"uiInsertionTime": 13118,
										"sCoilElementID": {
											"tCoilID": "Head_32",
											"lCoilCopy": 1,
											"tElement": "H20",
											"ulUniqueKey": 1924762913
										},
										"sCoilProperties": {
											"eCoilType": 4
										}
									},
									{
										"lElementSelected": 1,
										"lMuxChannelConnected": 10,
										"lRxChannelConnected": 1,
										"lADCChannelConnected": 1,
										"uiInsertionTime": 13118,
										"sCoilElementID": {
											"tCoilID": "Head_32",
											"lCoilCopy": 1,
											"tElement": "H10",
											"ulUniqueKey": -198312049
										},
										"sCoilProperties": {
											"eCoilType": 4
										}
									},
									{
										"lElementSelected": 1,
										"lMuxChannelConnected": 19,
										"lRxChannelConnected": 20,
										"lADCChannelConnected": 39,
										"uiInsertionTime": 13117,
										"sCoilElementID": {
											"tCoilID": "Head_32",
											"lCoilCopy": 1,
											"tElement": "H1",
											"tCoilClass": "Head_Rx",
											"ulUniqueKey": -1082827837
										},
										"sCoilProperties": {
											"eCoilType": 4
										}
									},
									{
										"lElementSelected": 1,
										"lMuxChannelConnected": 13,
										"lRxChannelConnected": 25,
										"lADCChannelConnected": 50,
										"uiInsertionTime": 13117,
										"sCoilElementID": {
											"tCoilID": "Head_32",
											"lCoilCopy": 1,
											"tElement": "H26",
											"ulUniqueKey": -33982335
										},
										"sCoilProperties": {
											"eCoilType": 4
										}
									},
									{
										"lElementSelected": 1,
										"lMuxChannelConnected": 13,
										"lRxChannelConnected": 25,
										"lADCChannelConnected": 49,
										"uiInsertionTime": 13117,
										"sCoilElementID": {
											"tCoilID": "Head_32",
											"lCoilCopy": 1,
											"tElement": "H17",
											"ulUniqueKey": 1175266207
										},
										"sCoilProperties": {
											"eCoilType": 4
										}
									},
									{
										"lElementSelected": 1,
										"lMuxChannelConnected": 15,
										"lRxChannelConnected": 18,
										"lADCChannelConnected": 36,
										"uiInsertionTime": 13117,
										"sCoilElementID": {
											"tCoilID": "Head_32",
											"lCoilCopy": 1,
											"tElement": "H18",
											"ulUniqueKey": -1000491954
										},
										"sCoilProperties": {
											"eCoilType": 4
										}
									},
									{
										"lElementSelected": 1,
										"lMuxChannelConnected": 15,
										"lRxChannelConnected": 18,
										"lADCChannelConnected": 35,
										"uiInsertionTime": 13117,
										"sCoilElementID": {
											"tCoilID": "Head_32",
											"lCoilCopy": 1,
											"tElement": "H8",
											"ulUniqueKey": -1301988942
										},
										"sCoilProperties": {
											"eCoilType": 4
										}
									},
									{
										"lElementSelected": 1,
										"lMuxChannelConnected": 16,
										"lRxChannelConnected": 12,
										"lADCChannelConnected": 24,
										"uiInsertionTime": 13117,
										"sCoilElementID": {
											"tCoilID": "Head_32",
											"lCoilCopy": 1,
											"tElement": "H19",
											"ulUniqueKey": -113402370
										},
										"sCoilProperties": {
											"eCoilType": 4
										}
									},
									{
										"lElementSelected": 1,
										"lMuxChannelConnected": 16,
										"lRxChannelConnected": 12,
										"lADCChannelConnected": 23,
										"uiInsertionTime": 13117,
										"sCoilElementID": {
											"tCoilID": "Head_32",
											"lCoilCopy": 1,
											"tElement": "H9",
											"ulUniqueKey": -1895493630
										},
										"sCoilProperties": {
											"eCoilType": 4
										}
									},
									{
										"lElementSelected": 1,
										"lMuxChannelConnected": 18,
										"lRxChannelConnected": 19,
										"lADCChannelConnected": 38,
										"uiInsertionTime": 13117,
										"sCoilElementID": {
											"tCoilID": "Head_32",
											"lCoilCopy": 1,
											"tElement": "H3",
											"ulUniqueKey": -977991517
										},
										"sCoilProperties": {
											"eCoilType": 4
										}
									},
									{
										"lElementSelected": 1,
										"lMuxChannelConnected": 18,
										"lRxChannelConnected": 19,
										"lADCChannelConnected": 37,
										"uiInsertionTime": 13117,
										"sCoilElementID": {
											"tCoilID": "Head_32",
											"lCoilCopy": 1,
											"tElement": "H7",
											"ulUniqueKey": 808824419
										},
										"sCoilProperties": {
											"eCoilType": 4
										}
									},
									{
										"lElementSelected": 1,
										"lMuxChannelConnected": 19,
										"lRxChannelConnected": 20,
										"lADCChannelConnected": 40,
										"uiInsertionTime": 13117,
										"sCoilElementID": {
											"tCoilID": "Head_32",
											"lCoilCopy": 1,
											"tElement": "H2",
											"ulUniqueKey": -120250093
										},
										"sCoilProperties": {
											"eCoilType": 4
										}
									},
									{
										"lElementSelected": 1,
										"lMuxChannelConnected": 21,
										"lRxChannelConnected": 5,
										"lADCChannelConnected": 10,
										"uiInsertionTime": 13117,
										"sCoilElementID": {
											"tCoilID": "Head_32",
											"lCoilCopy": 1,
											"tElement": "H16",
											"ulUniqueKey": 2070743599
										},
										"sCoilProperties": {
											"eCoilType": 4
										}
									},
									{
										"lElementSelected": 1,
										"lMuxChannelConnected": 21,
										"lRxChannelConnected": 5,
										"lADCChannelConnected": 9,
										"uiInsertionTime": 13117,
										"sCoilElementID": {
											"tCoilID": "Head_32",
											"lCoilCopy": 1,
											"tElement": "H25",
											"ulUniqueKey": -1168571823
										},
										"sCoilProperties": {
											"eCoilType": 4
										}
									}
								],
								"aFFT_SCALE": [
									{
										"flFactor": 2.53039097786,
										"lADCChannel": 6,
										"bValid": 1
									},
									{
										"flFactor": 2.4787812233,
										"lADCChannel": 34,
										"bValid": 1
									},
									{
										"flFactor": 2.3710436821,
										"lADCChannel": 33,
										"bValid": 1
									},
									{
										"flFactor": 2.53491926193,
										"lADCChannel": 42,
										"bValid": 1
									},
									{
										"flFactor": 2.28880476952,
										"lADCChannel": 41,
										"bValid": 1
									},
									{
										"flFactor": 2.49135160446,
										"lADCChannel": 20,
										"bValid": 1
									},
									{
										"flFactor": 2.2820224762,
										"lADCChannel": 19,
										"bValid": 1
									},
									{
										"flFactor": 2.56123304367,
										"lADCChannel": 46,
										"bValid": 1
									},
									{
										"flFactor": 2.349609375,
										"lADCChannel": 45,
										"bValid": 1
									},
									{
										"flFactor": 2.43266248703,
										"lADCChannel": 18,
										"bValid": 1
									},
									{
										"flFactor": 2.29333019257,
										"lADCChannel": 17,
										"bValid": 1
									},
									{
										"flFactor": 2.52546834946,
										"lADCChannel": 14,
										"bValid": 1
									},
									{
										"flFactor": 2.2239689827,
										"lADCChannel": 13,
										"bValid": 1
									},
									{
										"flFactor": 2.52027463913,
										"lADCChannel": 54,
										"bValid": 1
									},
									{
										"flFactor": 2.26493215561,
										"lADCChannel": 53,
										"bValid": 1
									},
									{
										"flFactor": 2.32173418999,
										"lADCChannel": 5,
										"bValid": 1
									},
									{
										"flFactor": 2.4878115654,
										"lADCChannel": 22,
										"bValid": 1
									},
									{
										"flFactor": 2.26221084595,
										"lADCChannel": 21,
										"bValid": 1
									},
									{
										"flFactor": 2.50671720505,
										"lADCChannel": 2,
										"bValid": 1
									},
									{
										"flFactor": 2.33913064003,
										"lADCChannel": 1,
										"bValid": 1
									},
									{
										"flFactor": 3.51097989082,
										"lADCChannel": 39,
										"bValid": 1
									},
									{
										"flFactor": 3.11311912537,
										"lADCChannel": 50,
										"bValid": 1
									},
									{
										"flFactor": 2.85815286636,
										"lADCChannel": 49,
										"bValid": 1
									},
									{
										"flFactor": 3.71584320068,
										"lADCChannel": 36,
										"bValid": 1
									},
									{
										"flFactor": 3.4874355793,
										"lADCChannel": 35,
										"bValid": 1
									},
									{
										"flFactor": 3.80194592476,
										"lADCChannel": 24,
										"bValid": 1
									},
									{
										"flFactor": 3.43977379799,
										"lADCChannel": 23,
										"bValid": 1
									},
									{
										"flFactor": 3.71038913727,
										"lADCChannel": 38,
										"bValid": 1
									},
									{
										"flFactor": 3.42011547089,
										"lADCChannel": 37,
										"bValid": 1
									},
									{
										"flFactor": 3.73832273483,
										"lADCChannel": 40,
										"bValid": 1
									},
									{
										"flFactor": 2.59968805313,
										"lADCChannel": 10,
										"bValid": 1
									},
									{
										"flFactor": 2.36294913292,
										"lADCChannel": 9,
										"bValid": 1
									}
								]
							},
							{
								"ucNoiseDecorrMode": [],
								"tNucleus": [],
								"iUsedRFactor": [],
								"IgnoreCoilGroups": 0,
								"BCCombineMode": 1,
								"bSuppressMandatoryProperties": 0,
								"asList": [],
								"aFFT_SCALE": []
							}
						],
						"aTxCoilSelectData": {
							"tNucleus": "1H",
							"asList": {
								"lElementSelected": 1,
								"sCoilElementID": {
									"tCoilID": "Body",
									"lCoilCopy": 1,
									"tElement": "BC",
									"ulUniqueKey": 776254261
								},
								"sTxScaleFactorCP": {
									"dRe": 1
								},
								"sTxScaleFactorEP": {
									"dRe": 1
								},
								"sCoilProperties": {
									"eCoilType": 1,
									"tCoilManufacturer": "Siemens"
								}
							}
						},
						"CoilPlugs": {
							"Plug": [
								{
									"IdPart": 255
								},
								{
									"IdPart": [0,4873]
								},
								{
									"IdPart": [0,4872]
								}
							]
						}
					},
					"sCoilSelectUI": {
						"dOverallImageScaleFactor": 1,
						"dOverallImageScaleCorrectionFactor": 1,
						"dAutoCoilSelectIlluRangeScale": 0.7,
						"aRxCoilSelectData": [
							{
								"IgnoreCoilGroups": 0,
								"BCCombineMode": 1,
								"bSuppressMandatoryProperties": 0
							},
							{
								"IgnoreCoilGroups": 0,
								"BCCombineMode": 1,
								"bSuppressMandatoryProperties": 0
							}
						]
					},
					"sWipMemBlock": {
						"tFree": "develop",
						"alFree": [2,2,500,1200,9984,8000],
						"adFree": 50
					},
					"sParametricMapping": {
						"ucParametricMap": 1
					},
					"sAsl": {
						"ulMode": 1
					},
					"sWorkflow": {
						"eConflictSolverStrategy": 1,
						"ucDotVoiceSettingsOverride": 1,
						"ucDotPauseSettingsOverride": 1
					},
					"sDynDistCorrFilter": {
						"ucMode": 1
					},
					"sChannelMatrix": {
						"ucChannelMixingMode": 1,
						"ucChannelDiscardMode": 1
					},
					"sPTXData": {
						"uiPTXTargetMagMode": 1,
						"sPTXMPRSliceArray": {
							"sTSat": {
								"ulShape": 1
							}
						},
						"sPTXMPRGroupArray": {
							"sPSat": {
								"ulShape": 1
							}
						}
					},
					"sInlineCardioEval": {
						"lInlineEvaMode": 1,
						"lNoOfPreps": 1,
						"alRecoveryDuration": 1,
						"alSamplingDuration": 1
					},
					"sInteractive": {
						"ucTracking": 0,
						"ucSliceFollowing": 1,
						"ucSliceFollowingMode": 1,
						"lTrackingBackgroundSuppr": 5,
						"lTrackingSensitivity": 1,
						"lTrackingFlipAngle": 10,
						"ucPause": 0,
						"ucMosaic": 0,
						"ucSkipPhysioTrigger": 0
					},
					"sDixonData": {
						"ucDixon": 0,
						"ucDixonEvaluation": 0,
						"ucFastDixon": 0,
						"sMrDixonOptions": {
							"ucDixonFat": 0,
							"ucDixonWater": 0,
							"ucDixonInPhase": 0,
							"ucDixonOpposedPhase": 0,
							"ucDixonOriginalEchoes": 1
						},
						"sMrDixonEvaluationOptions": {
							"ucDixonEvaWaterFraction": 0,
							"ucDixonEvaFatFraction": 0,
							"ucDixonEvaT2Star": 0,
							"ucDixonEvaR2Star": 0,
							"ucDixonEvaReport": 0
						}
					},
					"sSliceAcceleration": {
						"lMultiBandFactor": 1
					}
				},
				"GradientMode": "Normal",
				"FlowCompensation": "No",
				"RFSWDOperationMode": 0,
				"RFSWDMostCriticalAspect": "Head",
				"SARMostCriticalAspect": [3.2,0.02379272,0],
				"TablePositionOrigin": [0,0,-1090],
				"B1rms": [100,0.24446374],
				"B1rmsSupervision": "NO",
				"TalesReferencePower": 1926.206325,
				"PhaseSliceOversampling": "2D",
				"SafetyStandard": "IEC",
				"DICOMImageFlavor": "",
				"DICOMAcquisitionContrast": "",
				"EchoTrainLength": 5,
				"RFEchoTrainLength": 0,
				"GradientEchoTrainLength": 1,
				"Laterality4MF": "U"
			},
			"Private_0029_1160": "com ",
			"PerformedProcedureStepStartDate": 738407,
			"PerformedProcedureStepStartTime": 32614.713,
			"PerformedProcedureStepID": "MR20210908090334",
			"PerformedProcedureStepDescription": "MPM ",
			"Private_0051_0010": "SIEMENS MR HEADER ",
			"Private_0051_1008": "IMAGE NUM 4 ",
			"Private_0051_1009": "1.0 ",
			"Private_0051_100a": "TA 03:48",
			"Private_0051_100b": "204*256 ",
			"Private_0051_100c": "FoV 224*256 ",
			"Private_0051_100d": "SP L87.5",
			"Private_0051_100e": "Sag ",
			"Private_0051_100f": "HEA;HEP ",
			"Private_0051_1011": "p2",
			"Private_0051_1012": "TP 0",
			"Private_0051_1013": "+LPH",
			"Private_0051_1016": "p2 M/ND ",
			"Private_0051_1017": "SL 1.0i ",
			"Private_0051_1019": "A1",
			"StartOfPixelData": 128078,
			"SizeOfPixelData": 114688,
			"VROfPixelData": "OW"
		}
	]
}